Shots,Value,Probability,Qubits Measured
1,"00",0.04858118991111776,"1,2"
1,"01",0.032201692125638656,"1,2"
1,"10",0.8725157861818508,"1,2"
1,"11",0.046701331781393164,"1,2"
