Shots,Value,Probability,Qubits Measured
8192,"00",0.486572265625,"1,2"
8192,"01",0.0274658203125,"1,2"
8192,"10",0.0279541015625,"1,2"
8192,"11",0.4580078125,"1,2"
